[
  {
    "model": "admin.logentry",
    "pk": 1,
    "fields": {
      "action_time": "2024-08-02T11:54:30.707Z",
      "user": 1,
      "content_type": 3,
      "object_id": "1",
      "object_repr": "moderator",
      "action_flag": 1,
      "change_message": "[{\"added\": {}}]"
    }
  },
  {
    "model": "admin.logentry",
    "pk": 2,
    "fields": {
      "action_time": "2024-08-02T18:57:32.566Z",
      "user": 1,
      "content_type": 11,
      "object_id": "3",
      "object_repr": "aigulamineva98@gmail.com",
      "action_flag": 2,
      "change_message": "[{\"changed\": {\"fields\": [\"Groups\"]}}]"
    }
  },
  {
    "model": "admin.logentry",
    "pk": 3,
    "fields": {
      "action_time": "2024-08-02T19:01:38.119Z",
      "user": 1,
      "content_type": 3,
      "object_id": "1",
      "object_repr": "moderator",
      "action_flag": 2,
      "change_message": "[{\"changed\": {\"fields\": [\"Permissions\"]}}]"
    }
  },
  {
    "model": "admin.logentry",
    "pk": 4,
    "fields": {
      "action_time": "2024-08-02T19:02:49.446Z",
      "user": 1,
      "content_type": 11,
      "object_id": "3",
      "object_repr": "aigulamineva98@gmail.com",
      "action_flag": 2,
      "change_message": "[{\"changed\": {\"fields\": [\"User permissions\", \"Staff status\"]}}]"
    }
  },
  {
    "model": "admin.logentry",
    "pk": 5,
    "fields": {
      "action_time": "2024-08-02T19:03:07.708Z",
      "user": 1,
      "content_type": 11,
      "object_id": "3",
      "object_repr": "aigulamineva98@gmail.com",
      "action_flag": 2,
      "change_message": "[{\"changed\": {\"fields\": [\"User permissions\"]}}]"
    }
  },
  {
    "model": "admin.logentry",
    "pk": 6,
    "fields": {
      "action_time": "2024-08-03T05:48:06.279Z",
      "user": 1,
      "content_type": 3,
      "object_id": "1",
      "object_repr": "moderator",
      "action_flag": 2,
      "change_message": "[{\"changed\": {\"fields\": [\"Permissions\"]}}]"
    }
  },
  {
    "model": "admin.logentry",
    "pk": 7,
    "fields": {
      "action_time": "2024-08-03T05:48:09.551Z",
      "user": 1,
      "content_type": 3,
      "object_id": "1",
      "object_repr": "moderator",
      "action_flag": 2,
      "change_message": "[]"
    }
  },
  {
    "model": "admin.logentry",
    "pk": 8,
    "fields": {
      "action_time": "2024-08-03T05:58:56.894Z",
      "user": 1,
      "content_type": 3,
      "object_id": "1",
      "object_repr": "moderator",
      "action_flag": 2,
      "change_message": "[{\"changed\": {\"fields\": [\"Permissions\"]}}]"
    }
  },
  {
    "model": "admin.logentry",
    "pk": 9,
    "fields": {
      "action_time": "2024-08-03T06:08:17.638Z",
      "user": 1,
      "content_type": 3,
      "object_id": "1",
      "object_repr": "moderator",
      "action_flag": 2,
      "change_message": "[{\"changed\": {\"fields\": [\"Permissions\"]}}]"
    }
  },
  {
    "model": "admin.logentry",
    "pk": 10,
    "fields": {
      "action_time": "2024-08-03T06:20:17.763Z",
      "user": 1,
      "content_type": 3,
      "object_id": "1",
      "object_repr": "moderator",
      "action_flag": 2,
      "change_message": "[{\"changed\": {\"fields\": [\"Permissions\"]}}]"
    }
  },
  {
    "model": "admin.logentry",
    "pk": 11,
    "fields": {
      "action_time": "2024-08-03T06:44:14.141Z",
      "user": 1,
      "content_type": 3,
      "object_id": "1",
      "object_repr": "moderator",
      "action_flag": 2,
      "change_message": "[{\"changed\": {\"fields\": [\"Permissions\"]}}]"
    }
  },
  {
    "model": "admin.logentry",
    "pk": 12,
    "fields": {
      "action_time": "2024-08-03T06:54:37.273Z",
      "user": 1,
      "content_type": 3,
      "object_id": "1",
      "object_repr": "moderator",
      "action_flag": 2,
      "change_message": "[{\"changed\": {\"fields\": [\"Permissions\"]}}]"
    }
  },
  {
    "model": "admin.logentry",
    "pk": 13,
    "fields": {
      "action_time": "2024-08-03T07:16:38.416Z",
      "user": 1,
      "content_type": 3,
      "object_id": "1",
      "object_repr": "moderator",
      "action_flag": 2,
      "change_message": "[{\"changed\": {\"fields\": [\"Permissions\"]}}]"
    }
  },
  {
    "model": "admin.logentry",
    "pk": 14,
    "fields": {
      "action_time": "2024-08-03T07:40:57.171Z",
      "user": 1,
      "content_type": 3,
      "object_id": "2",
      "object_repr": "users",
      "action_flag": 1,
      "change_message": "[{\"added\": {}}]"
    }
  },
  {
    "model": "admin.logentry",
    "pk": 15,
    "fields": {
      "action_time": "2024-08-03T07:42:13.749Z",
      "user": 1,
      "content_type": 3,
      "object_id": "2",
      "object_repr": "users",
      "action_flag": 2,
      "change_message": "[{\"changed\": {\"fields\": [\"Permissions\"]}}]"
    }
  },
  {
    "model": "admin.logentry",
    "pk": 16,
    "fields": {
      "action_time": "2024-08-03T07:42:25.320Z",
      "user": 1,
      "content_type": 11,
      "object_id": "2",
      "object_repr": "leonidpetrov637@gmail.com",
      "action_flag": 2,
      "change_message": "[{\"changed\": {\"fields\": [\"Groups\"]}}]"
    }
  },
  {
    "model": "admin.logentry",
    "pk": 17,
    "fields": {
      "action_time": "2024-08-03T08:18:40.403Z",
      "user": 1,
      "content_type": 3,
      "object_id": "1",
      "object_repr": "moderator",
      "action_flag": 2,
      "change_message": "[{\"changed\": {\"fields\": [\"Permissions\"]}}]"
    }
  },
  {
    "model": "admin.logentry",
    "pk": 18,
    "fields": {
      "action_time": "2024-08-03T08:18:49.533Z",
      "user": 1,
      "content_type": 3,
      "object_id": "2",
      "object_repr": "users",
      "action_flag": 2,
      "change_message": "[]"
    }
  },
  {
    "model": "admin.logentry",
    "pk": 19,
    "fields": {
      "action_time": "2024-08-03T10:47:18.124Z",
      "user": 1,
      "content_type": 11,
      "object_id": "2",
      "object_repr": "leonidpetrov637@gmail.com",
      "action_flag": 3,
      "change_message": ""
    }
  },
  {
    "model": "admin.logentry",
    "pk": 20,
    "fields": {
      "action_time": "2024-08-03T10:51:09.496Z",
      "user": 1,
      "content_type": 11,
      "object_id": "4",
      "object_repr": "leonidpetrov637@gmail.com",
      "action_flag": 3,
      "change_message": ""
    }
  },
  {
    "model": "admin.logentry",
    "pk": 21,
    "fields": {
      "action_time": "2024-08-03T11:00:07.558Z",
      "user": 1,
      "content_type": 11,
      "object_id": "5",
      "object_repr": "leonidpetrov637@gmail.com",
      "action_flag": 3,
      "change_message": ""
    }
  },
  {
    "model": "admin.logentry",
    "pk": 22,
    "fields": {
      "action_time": "2024-08-03T11:03:07.694Z",
      "user": 1,
      "content_type": 11,
      "object_id": "6",
      "object_repr": "leonidpetrov637@gmail.com",
      "action_flag": 3,
      "change_message": ""
    }
  },
  {
    "model": "admin.logentry",
    "pk": 23,
    "fields": {
      "action_time": "2024-08-03T11:10:21.561Z",
      "user": 1,
      "content_type": 11,
      "object_id": "7",
      "object_repr": "leonidpetrov637@gmail.com",
      "action_flag": 3,
      "change_message": ""
    }
  },
  {
    "model": "admin.logentry",
    "pk": 24,
    "fields": {
      "action_time": "2024-08-03T11:12:27.473Z",
      "user": 1,
      "content_type": 11,
      "object_id": "8",
      "object_repr": "leonidpetrov637@gmail.com",
      "action_flag": 2,
      "change_message": "[{\"changed\": {\"fields\": [\"Groups\"]}}]"
    }
  },
  {
    "model": "admin.logentry",
    "pk": 25,
    "fields": {
      "action_time": "2024-08-03T11:35:39.188Z",
      "user": 1,
      "content_type": 11,
      "object_id": "9",
      "object_repr": "test_1@test.com",
      "action_flag": 3,
      "change_message": ""
    }
  },
  {
    "model": "admin.logentry",
    "pk": 26,
    "fields": {
      "action_time": "2024-08-03T11:37:38.573Z",
      "user": 1,
      "content_type": 11,
      "object_id": "10",
      "object_repr": "test_1@test.com",
      "action_flag": 3,
      "change_message": ""
    }
  },
  {
    "model": "admin.logentry",
    "pk": 27,
    "fields": {
      "action_time": "2024-08-06T18:33:23.363Z",
      "user": 1,
      "content_type": 8,
      "object_id": "3",
      "object_repr": "200",
      "action_flag": 3,
      "change_message": ""
    }
  },
  {
    "model": "admin.logentry",
    "pk": 28,
    "fields": {
      "action_time": "2024-08-06T18:33:23.365Z",
      "user": 1,
      "content_type": 8,
      "object_id": "2",
      "object_repr": "200",
      "action_flag": 3,
      "change_message": ""
    }
  },
  {
    "model": "admin.logentry",
    "pk": 29,
    "fields": {
      "action_time": "2024-08-06T18:33:23.366Z",
      "user": 1,
      "content_type": 8,
      "object_id": "1",
      "object_repr": "200",
      "action_flag": 3,
      "change_message": ""
    }
  },
  {
    "model": "admin.logentry",
    "pk": 30,
    "fields": {
      "action_time": "2024-08-06T18:39:08.288Z",
      "user": 1,
      "content_type": 8,
      "object_id": "6",
      "object_repr": "200",
      "action_flag": 3,
      "change_message": ""
    }
  },
  {
    "model": "admin.logentry",
    "pk": 31,
    "fields": {
      "action_time": "2024-08-06T18:39:08.290Z",
      "user": 1,
      "content_type": 8,
      "object_id": "5",
      "object_repr": "200",
      "action_flag": 3,
      "change_message": ""
    }
  },
  {
    "model": "admin.logentry",
    "pk": 32,
    "fields": {
      "action_time": "2024-08-06T18:39:08.291Z",
      "user": 1,
      "content_type": 8,
      "object_id": "4",
      "object_repr": "200",
      "action_flag": 3,
      "change_message": ""
    }
  },
  {
    "model": "auth.permission",
    "pk": 1,
    "fields": {
      "name": "Can add log entry",
      "content_type": 1,
      "codename": "add_logentry"
    }
  },
  {
    "model": "auth.permission",
    "pk": 2,
    "fields": {
      "name": "Can change log entry",
      "content_type": 1,
      "codename": "change_logentry"
    }
  },
  {
    "model": "auth.permission",
    "pk": 3,
    "fields": {
      "name": "Can delete log entry",
      "content_type": 1,
      "codename": "delete_logentry"
    }
  },
  {
    "model": "auth.permission",
    "pk": 4,
    "fields": {
      "name": "Can view log entry",
      "content_type": 1,
      "codename": "view_logentry"
    }
  },
  {
    "model": "auth.permission",
    "pk": 5,
    "fields": {
      "name": "Can add permission",
      "content_type": 2,
      "codename": "add_permission"
    }
  },
  {
    "model": "auth.permission",
    "pk": 6,
    "fields": {
      "name": "Can change permission",
      "content_type": 2,
      "codename": "change_permission"
    }
  },
  {
    "model": "auth.permission",
    "pk": 7,
    "fields": {
      "name": "Can delete permission",
      "content_type": 2,
      "codename": "delete_permission"
    }
  },
  {
    "model": "auth.permission",
    "pk": 8,
    "fields": {
      "name": "Can view permission",
      "content_type": 2,
      "codename": "view_permission"
    }
  },
  {
    "model": "auth.permission",
    "pk": 9,
    "fields": {
      "name": "Can add group",
      "content_type": 3,
      "codename": "add_group"
    }
  },
  {
    "model": "auth.permission",
    "pk": 10,
    "fields": {
      "name": "Can change group",
      "content_type": 3,
      "codename": "change_group"
    }
  },
  {
    "model": "auth.permission",
    "pk": 11,
    "fields": {
      "name": "Can delete group",
      "content_type": 3,
      "codename": "delete_group"
    }
  },
  {
    "model": "auth.permission",
    "pk": 12,
    "fields": {
      "name": "Can view group",
      "content_type": 3,
      "codename": "view_group"
    }
  },
  {
    "model": "auth.permission",
    "pk": 13,
    "fields": {
      "name": "Can add content type",
      "content_type": 4,
      "codename": "add_contenttype"
    }
  },
  {
    "model": "auth.permission",
    "pk": 14,
    "fields": {
      "name": "Can change content type",
      "content_type": 4,
      "codename": "change_contenttype"
    }
  },
  {
    "model": "auth.permission",
    "pk": 15,
    "fields": {
      "name": "Can delete content type",
      "content_type": 4,
      "codename": "delete_contenttype"
    }
  },
  {
    "model": "auth.permission",
    "pk": 16,
    "fields": {
      "name": "Can view content type",
      "content_type": 4,
      "codename": "view_contenttype"
    }
  },
  {
    "model": "auth.permission",
    "pk": 17,
    "fields": {
      "name": "Can add session",
      "content_type": 5,
      "codename": "add_session"
    }
  },
  {
    "model": "auth.permission",
    "pk": 18,
    "fields": {
      "name": "Can change session",
      "content_type": 5,
      "codename": "change_session"
    }
  },
  {
    "model": "auth.permission",
    "pk": 19,
    "fields": {
      "name": "Can delete session",
      "content_type": 5,
      "codename": "delete_session"
    }
  },
  {
    "model": "auth.permission",
    "pk": 20,
    "fields": {
      "name": "Can view session",
      "content_type": 5,
      "codename": "view_session"
    }
  },
  {
    "model": "auth.permission",
    "pk": 21,
    "fields": {
      "name": "Can add blog",
      "content_type": 6,
      "codename": "add_blog"
    }
  },
  {
    "model": "auth.permission",
    "pk": 22,
    "fields": {
      "name": "Can change blog",
      "content_type": 6,
      "codename": "change_blog"
    }
  },
  {
    "model": "auth.permission",
    "pk": 23,
    "fields": {
      "name": "Can delete blog",
      "content_type": 6,
      "codename": "delete_blog"
    }
  },
  {
    "model": "auth.permission",
    "pk": 24,
    "fields": {
      "name": "Can view blog",
      "content_type": 6,
      "codename": "view_blog"
    }
  },
  {
    "model": "auth.permission",
    "pk": 25,
    "fields": {
      "name": "Can add Клиент",
      "content_type": 7,
      "codename": "add_client"
    }
  },
  {
    "model": "auth.permission",
    "pk": 26,
    "fields": {
      "name": "Can change Клиент",
      "content_type": 7,
      "codename": "change_client"
    }
  },
  {
    "model": "auth.permission",
    "pk": 27,
    "fields": {
      "name": "Can delete Клиент",
      "content_type": 7,
      "codename": "delete_client"
    }
  },
  {
    "model": "auth.permission",
    "pk": 28,
    "fields": {
      "name": "Can view Клиент",
      "content_type": 7,
      "codename": "view_client"
    }
  },
  {
    "model": "auth.permission",
    "pk": 29,
    "fields": {
      "name": "Can add Попытка рассылки",
      "content_type": 8,
      "codename": "add_historynewsletter"
    }
  },
  {
    "model": "auth.permission",
    "pk": 30,
    "fields": {
      "name": "Can change Попытка рассылки",
      "content_type": 8,
      "codename": "change_historynewsletter"
    }
  },
  {
    "model": "auth.permission",
    "pk": 31,
    "fields": {
      "name": "Can delete Попытка рассылки",
      "content_type": 8,
      "codename": "delete_historynewsletter"
    }
  },
  {
    "model": "auth.permission",
    "pk": 32,
    "fields": {
      "name": "Can view Попытка рассылки",
      "content_type": 8,
      "codename": "view_historynewsletter"
    }
  },
  {
    "model": "auth.permission",
    "pk": 33,
    "fields": {
      "name": "Can add Сообщение",
      "content_type": 9,
      "codename": "add_message"
    }
  },
  {
    "model": "auth.permission",
    "pk": 34,
    "fields": {
      "name": "Can change Сообщение",
      "content_type": 9,
      "codename": "change_message"
    }
  },
  {
    "model": "auth.permission",
    "pk": 35,
    "fields": {
      "name": "Can delete Сообщение",
      "content_type": 9,
      "codename": "delete_message"
    }
  },
  {
    "model": "auth.permission",
    "pk": 36,
    "fields": {
      "name": "Can view Сообщение",
      "content_type": 9,
      "codename": "view_message"
    }
  },
  {
    "model": "auth.permission",
    "pk": 37,
    "fields": {
      "name": "Can add Рассылка",
      "content_type": 10,
      "codename": "add_newsletter"
    }
  },
  {
    "model": "auth.permission",
    "pk": 38,
    "fields": {
      "name": "Can change Рассылка",
      "content_type": 10,
      "codename": "change_newsletter"
    }
  },
  {
    "model": "auth.permission",
    "pk": 39,
    "fields": {
      "name": "Can delete Рассылка",
      "content_type": 10,
      "codename": "delete_newsletter"
    }
  },
  {
    "model": "auth.permission",
    "pk": 40,
    "fields": {
      "name": "Can view Рассылка",
      "content_type": 10,
      "codename": "view_newsletter"
    }
  },
  {
    "model": "auth.permission",
    "pk": 41,
    "fields": {
      "name": "Can add Пользователь",
      "content_type": 11,
      "codename": "add_user"
    }
  },
  {
    "model": "auth.permission",
    "pk": 42,
    "fields": {
      "name": "Can change Пользователь",
      "content_type": 11,
      "codename": "change_user"
    }
  },
  {
    "model": "auth.permission",
    "pk": 43,
    "fields": {
      "name": "Can delete Пользователь",
      "content_type": 11,
      "codename": "delete_user"
    }
  },
  {
    "model": "auth.permission",
    "pk": 44,
    "fields": {
      "name": "Can view Пользователь",
      "content_type": 11,
      "codename": "view_user"
    }
  },
  {
    "model": "auth.permission",
    "pk": 45,
    "fields": {
      "name": "Can view message",
      "content_type": 9,
      "codename": "can_view_message"
    }
  },
  {
    "model": "auth.permission",
    "pk": 46,
    "fields": {
      "name": "Can change user",
      "content_type": 11,
      "codename": "cam_change_user"
    }
  },
  {
    "model": "auth.permission",
    "pk": 47,
    "fields": {
      "name": "Can add crontab",
      "content_type": 12,
      "codename": "add_crontabschedule"
    }
  },
  {
    "model": "auth.permission",
    "pk": 48,
    "fields": {
      "name": "Can change crontab",
      "content_type": 12,
      "codename": "change_crontabschedule"
    }
  },
  {
    "model": "auth.permission",
    "pk": 49,
    "fields": {
      "name": "Can delete crontab",
      "content_type": 12,
      "codename": "delete_crontabschedule"
    }
  },
  {
    "model": "auth.permission",
    "pk": 50,
    "fields": {
      "name": "Can view crontab",
      "content_type": 12,
      "codename": "view_crontabschedule"
    }
  },
  {
    "model": "auth.permission",
    "pk": 51,
    "fields": {
      "name": "Can add interval",
      "content_type": 13,
      "codename": "add_intervalschedule"
    }
  },
  {
    "model": "auth.permission",
    "pk": 52,
    "fields": {
      "name": "Can change interval",
      "content_type": 13,
      "codename": "change_intervalschedule"
    }
  },
  {
    "model": "auth.permission",
    "pk": 53,
    "fields": {
      "name": "Can delete interval",
      "content_type": 13,
      "codename": "delete_intervalschedule"
    }
  },
  {
    "model": "auth.permission",
    "pk": 54,
    "fields": {
      "name": "Can view interval",
      "content_type": 13,
      "codename": "view_intervalschedule"
    }
  },
  {
    "model": "auth.permission",
    "pk": 55,
    "fields": {
      "name": "Can add periodic task",
      "content_type": 14,
      "codename": "add_periodictask"
    }
  },
  {
    "model": "auth.permission",
    "pk": 56,
    "fields": {
      "name": "Can change periodic task",
      "content_type": 14,
      "codename": "change_periodictask"
    }
  },
  {
    "model": "auth.permission",
    "pk": 57,
    "fields": {
      "name": "Can delete periodic task",
      "content_type": 14,
      "codename": "delete_periodictask"
    }
  },
  {
    "model": "auth.permission",
    "pk": 58,
    "fields": {
      "name": "Can view periodic task",
      "content_type": 14,
      "codename": "view_periodictask"
    }
  },
  {
    "model": "auth.permission",
    "pk": 59,
    "fields": {
      "name": "Can add periodic tasks",
      "content_type": 15,
      "codename": "add_periodictasks"
    }
  },
  {
    "model": "auth.permission",
    "pk": 60,
    "fields": {
      "name": "Can change periodic tasks",
      "content_type": 15,
      "codename": "change_periodictasks"
    }
  },
  {
    "model": "auth.permission",
    "pk": 61,
    "fields": {
      "name": "Can delete periodic tasks",
      "content_type": 15,
      "codename": "delete_periodictasks"
    }
  },
  {
    "model": "auth.permission",
    "pk": 62,
    "fields": {
      "name": "Can view periodic tasks",
      "content_type": 15,
      "codename": "view_periodictasks"
    }
  },
  {
    "model": "auth.permission",
    "pk": 63,
    "fields": {
      "name": "Can add solar event",
      "content_type": 16,
      "codename": "add_solarschedule"
    }
  },
  {
    "model": "auth.permission",
    "pk": 64,
    "fields": {
      "name": "Can change solar event",
      "content_type": 16,
      "codename": "change_solarschedule"
    }
  },
  {
    "model": "auth.permission",
    "pk": 65,
    "fields": {
      "name": "Can delete solar event",
      "content_type": 16,
      "codename": "delete_solarschedule"
    }
  },
  {
    "model": "auth.permission",
    "pk": 66,
    "fields": {
      "name": "Can view solar event",
      "content_type": 16,
      "codename": "view_solarschedule"
    }
  },
  {
    "model": "auth.permission",
    "pk": 67,
    "fields": {
      "name": "Can add clocked",
      "content_type": 17,
      "codename": "add_clockedschedule"
    }
  },
  {
    "model": "auth.permission",
    "pk": 68,
    "fields": {
      "name": "Can change clocked",
      "content_type": 17,
      "codename": "change_clockedschedule"
    }
  },
  {
    "model": "auth.permission",
    "pk": 69,
    "fields": {
      "name": "Can delete clocked",
      "content_type": 17,
      "codename": "delete_clockedschedule"
    }
  },
  {
    "model": "auth.permission",
    "pk": 70,
    "fields": {
      "name": "Can view clocked",
      "content_type": 17,
      "codename": "view_clockedschedule"
    }
  },
  {
    "model": "auth.group",
    "pk": 1,
    "fields": {
      "name": "moderator",
      "permissions": [
        28,
        36,
        38,
        40,
        46,
        44
      ]
    }
  },
  {
    "model": "auth.group",
    "pk": 2,
    "fields": {
      "name": "users",
      "permissions": [
        25,
        26,
        27,
        28,
        33,
        34,
        35,
        36,
        37,
        38,
        39,
        40,
        42,
        43,
        44
      ]
    }
  },
  {
    "model": "contenttypes.contenttype",
    "pk": 1,
    "fields": {
      "app_label": "admin",
      "model": "logentry"
    }
  },
  {
    "model": "contenttypes.contenttype",
    "pk": 2,
    "fields": {
      "app_label": "auth",
      "model": "permission"
    }
  },
  {
    "model": "contenttypes.contenttype",
    "pk": 3,
    "fields": {
      "app_label": "auth",
      "model": "group"
    }
  },
  {
    "model": "contenttypes.contenttype",
    "pk": 4,
    "fields": {
      "app_label": "contenttypes",
      "model": "contenttype"
    }
  },
  {
    "model": "contenttypes.contenttype",
    "pk": 5,
    "fields": {
      "app_label": "sessions",
      "model": "session"
    }
  },
  {
    "model": "contenttypes.contenttype",
    "pk": 6,
    "fields": {
      "app_label": "blog",
      "model": "blog"
    }
  },
  {
    "model": "contenttypes.contenttype",
    "pk": 7,
    "fields": {
      "app_label": "newsletter",
      "model": "client"
    }
  },
  {
    "model": "contenttypes.contenttype",
    "pk": 8,
    "fields": {
      "app_label": "newsletter",
      "model": "historynewsletter"
    }
  },
  {
    "model": "contenttypes.contenttype",
    "pk": 9,
    "fields": {
      "app_label": "newsletter",
      "model": "message"
    }
  },
  {
    "model": "contenttypes.contenttype",
    "pk": 10,
    "fields": {
      "app_label": "newsletter",
      "model": "newsletter"
    }
  },
  {
    "model": "contenttypes.contenttype",
    "pk": 11,
    "fields": {
      "app_label": "users",
      "model": "user"
    }
  },
  {
    "model": "contenttypes.contenttype",
    "pk": 12,
    "fields": {
      "app_label": "django_celery_beat",
      "model": "crontabschedule"
    }
  },
  {
    "model": "contenttypes.contenttype",
    "pk": 13,
    "fields": {
      "app_label": "django_celery_beat",
      "model": "intervalschedule"
    }
  },
  {
    "model": "contenttypes.contenttype",
    "pk": 14,
    "fields": {
      "app_label": "django_celery_beat",
      "model": "periodictask"
    }
  },
  {
    "model": "contenttypes.contenttype",
    "pk": 15,
    "fields": {
      "app_label": "django_celery_beat",
      "model": "periodictasks"
    }
  },
  {
    "model": "contenttypes.contenttype",
    "pk": 16,
    "fields": {
      "app_label": "django_celery_beat",
      "model": "solarschedule"
    }
  },
  {
    "model": "contenttypes.contenttype",
    "pk": 17,
    "fields": {
      "app_label": "django_celery_beat",
      "model": "clockedschedule"
    }
  },
  {
    "model": "sessions.session",
    "pk": "aepmuz9bzljhn3wr31wzynea82e0ugl2",
    "fields": {
      "session_data": "e30:1sbezq:4a7jEaLj2QAdx9iqYQFExk6qdvWvQW-lVK61xUBIMkk",
      "expire_date": "2024-08-21T11:38:26.253Z"
    }
  },
  {
    "model": "sessions.session",
    "pk": "b3xqwifyvffipew7uzdpe0f99u9hlv5u",
    "fields": {
      "session_data": ".eJxVjEEOwiAQRe_C2pAChRlcuvcMZBhQqgaS0q6Md7dNutDtf-_9twi0LiWsPc9hSuIsUJx-t0j8zHUH6UH13iS3usxTlLsiD9rltaX8uhzu30GhXrY6gnMDsLIU2ZEGRqs8aoMeDCM6hGSNZz2A2ojLmWOk0Zk0YiZlbuLzBcISNy4:1sbf0s:y9d7FMA15zIgx_uWlBC5NixjqeWVzJDVQ5wDNuRNjhs",
      "expire_date": "2024-08-21T11:39:30.228Z"
    }
  },
  {
    "model": "django_celery_beat.intervalschedule",
    "pk": 1,
    "fields": {
      "every": 30,
      "period": "seconds"
    }
  },
  {
    "model": "django_celery_beat.intervalschedule",
    "pk": 2,
    "fields": {
      "every": 5,
      "period": "seconds"
    }
  },
  {
    "model": "django_celery_beat.intervalschedule",
    "pk": 3,
    "fields": {
      "every": 10,
      "period": "seconds"
    }
  },
  {
    "model": "django_celery_beat.crontabschedule",
    "pk": 1,
    "fields": {
      "minute": "0",
      "hour": "4",
      "day_of_month": "*",
      "month_of_year": "*",
      "day_of_week": "*",
      "timezone": "UTC"
    }
  },
  {
    "model": "django_celery_beat.periodictasks",
    "pk": 1,
    "fields": {
      "last_update": "2024-08-07T08:40:56.604Z"
    }
  },
  {
    "model": "django_celery_beat.periodictask",
    "pk": 1,
    "fields": {
      "name": "celery.backend_cleanup",
      "task": "celery.backend_cleanup",
      "interval": null,
      "crontab": 1,
      "solar": null,
      "clocked": null,
      "args": "[]",
      "kwargs": "{}",
      "queue": null,
      "exchange": null,
      "routing_key": null,
      "headers": "{}",
      "priority": null,
      "expires": null,
      "expire_seconds": 43200,
      "one_off": false,
      "start_time": null,
      "enabled": true,
      "last_run_at": null,
      "total_run_count": 0,
      "date_changed": "2024-08-07T08:40:56.585Z",
      "description": ""
    }
  },
  {
    "model": "django_celery_beat.periodictask",
    "pk": 2,
    "fields": {
      "name": "test_func",
      "task": "newsletter.tasks.test",
      "interval": 3,
      "crontab": null,
      "solar": null,
      "clocked": null,
      "args": "[]",
      "kwargs": "{}",
      "queue": null,
      "exchange": null,
      "routing_key": null,
      "headers": "{}",
      "priority": null,
      "expires": null,
      "expire_seconds": null,
      "one_off": false,
      "start_time": null,
      "enabled": true,
      "last_run_at": "2024-08-07T08:45:26.893Z",
      "total_run_count": 583,
      "date_changed": "2024-08-07T08:45:31.387Z",
      "description": ""
    }
  },
  {
    "model": "blog.blog",
    "pk": 1,
    "fields": {
      "title": "Почта России",
      "text": "Акционерное общество «Почта России» (АО «Почта России») — российская государственная компания, оператор российской почтовой связи общего пользования.\r\n\r\nЧлен Всемирного почтового союза. Главный офис (штаб-квартира) расположен в Москве. До 1 октября 2019 года являлась федеральным государственным унитарным предприятием. Находится в ведении Минцифры России (до апреля 2013 года находилась в ведении Россвязи).\r\n\r\n28 марта 2013 года вошла в Перечень стратегических предприятий Российской Федерации под номером 558. В 2014 году компания перешла на макрорегиональную структуру — было создано 10 макрорегионов, которые объединили 82 филиала по региональному принципу. В этом же году «Почта России» перестала получать бюджетные субсидииПерейти к разделу «Дотации». В 2015 году «Почта России» вошла в список системообразующих предприятий России. Общая численность сотрудников в 2021 году составляла 313 тыс. человек.",
      "image": "blogs/original-1jah.jpg",
      "views_count": 0,
      "date": "2024-08-01",
      "date_update": "2024-08-02"
    }
  },
  {
    "model": "blog.blog",
    "pk": 2,
    "fields": {
      "title": "Почта Яндекса",
      "text": "Я́ндекс По́чта — бесплатная служба электронной почты от компании Яндекс. Запущена 26 июня 2000 года. Присутствует автоматическая фильтрация спама при помощи другого продукта компании — «Спамообороны», а также проверка писем на вирусы с помощью антивируса Dr.Web. Система также имеет возможность перевода писем с иностранных языков.",
      "image": "blogs/3427dfc17422225823f2ffef42a82506.jpg",
      "views_count": 0,
      "date": "2024-08-01",
      "date_update": "2024-08-01"
    }
  },
  {
    "model": "blog.blog",
    "pk": 3,
    "fields": {
      "title": "Скорость отправки",
      "text": "SMS (МФА: [ɛsɛmˈɛs], сокращение от англ. Short Message Service — «служба коротких сообщений») — технология приёма и передачи коротких текстовых сообщений с помощью мобильного телефона. Входит в стандарты сотовой связи.",
      "image": "blogs/AQAKE_IgaB_mwUovRk1NA1YRA7az45ZXp7F30T4Etyv95lSWX0jrJ_zCn-UeU6V4zdfqMVoSlp4pJzQNmL_DUxj9uK.jpg",
      "views_count": 0,
      "date": "2024-08-01",
      "date_update": "2024-08-01"
    }
  },
  {
    "model": "blog.blog",
    "pk": 4,
    "fields": {
      "title": "Спам",
      "text": "Спам (англ. spam) — массовая рассылка корреспонденции лицам, не выражавшим желания её получить. Распространителей спама называют спáмерами.\r\n\r\nВ общепринятом значении термин «спам» в русском языке впервые стал употребляться применительно к рассылке электронных писем. Незапрошенные сообщения в системах мгновенного обмена сообщениями (например, ICQ) носят название Messaging SPIM (англ. Spam over IM).\r\n\r\nДоля спама в мировом почтовом трафике составляет от 60 % (2006) до 80 % (2011).",
      "image": "blogs/spam_mails.jpg",
      "views_count": 0,
      "date": "2024-08-01",
      "date_update": "2024-08-01"
    }
  },
  {
    "model": "newsletter.message",
    "pk": 4,
    "fields": {
      "subject": "message_1",
      "body": "test",
      "author": 8
    }
  },
  {
    "model": "newsletter.message",
    "pk": 5,
    "fields": {
      "subject": "message_2",
      "body": "test",
      "author": 8
    }
  },
  {
    "model": "newsletter.message",
    "pk": 6,
    "fields": {
      "subject": "message_3",
      "body": "test",
      "author": 8
    }
  },
  {
    "model": "newsletter.client",
    "pk": 4,
    "fields": {
      "email": "user_1@test.com",
      "phone": "+79654658552",
      "full_name": "Petrov Leonid Pavlovich",
      "comment": "test",
      "author": 8
    }
  },
  {
    "model": "newsletter.client",
    "pk": 5,
    "fields": {
      "email": "user_2@test.com",
      "phone": "+79174178125",
      "full_name": "Sidorov Oleg Viktorovich",
      "comment": "test",
      "author": 8
    }
  },
  {
    "model": "newsletter.client",
    "pk": 6,
    "fields": {
      "email": "user_3@test.com",
      "phone": "+79393094217",
      "full_name": "Ivanov Viktor Ivanovich",
      "comment": "test",
      "author": 8
    }
  },
  {
    "model": "newsletter.newsletter",
    "pk": 4,
    "fields": {
      "name": "Уведомления",
      "message": 4,
      "author": 8,
      "date_time": "2024-08-03T11:21:14Z",
      "date_start": "2024-08-08T08:45:00Z",
      "periodicity": "OD",
      "status": "LA",
      "clients": [
        4
      ]
    }
  },
  {
    "model": "newsletter.newsletter",
    "pk": 5,
    "fields": {
      "name": "Срочное",
      "message": 5,
      "author": 8,
      "date_time": "2024-08-03T11:21:57Z",
      "date_start": "2024-09-07T08:45:00Z",
      "periodicity": "OM",
      "status": "LA",
      "clients": [
        4,
        5,
        6
      ]
    }
  },
  {
    "model": "newsletter.newsletter",
    "pk": 6,
    "fields": {
      "name": "Почта",
      "message": 6,
      "author": 8,
      "date_time": "2024-08-03T11:22:27Z",
      "date_start": "2024-08-14T08:45:00Z",
      "periodicity": "OW",
      "status": "LA",
      "clients": [
        6
      ]
    }
  },
  {
    "model": "newsletter.historynewsletter",
    "pk": 7,
    "fields": {
      "newsletter": 5,
      "date_time": "2024-08-06T18:39:14.698Z",
      "status": "Отправлена",
      "response": "1"
    }
  },
  {
    "model": "newsletter.historynewsletter",
    "pk": 8,
    "fields": {
      "newsletter": 6,
      "date_time": "2024-08-06T18:39:15.636Z",
      "status": "Отправлена",
      "response": "1"
    }
  },
  {
    "model": "newsletter.historynewsletter",
    "pk": 9,
    "fields": {
      "newsletter": 4,
      "date_time": "2024-08-06T18:39:16.362Z",
      "status": "Отправлена",
      "response": "1"
    }
  },
  {
    "model": "newsletter.historynewsletter",
    "pk": 10,
    "fields": {
      "newsletter": 6,
      "date_time": "2024-08-06T19:41:34.118Z",
      "status": "Не отправлена",
      "response": "{'asdqeqwe': (501, b'5.1.3 Bad recipient address syntax 1722973294-XfibMH5k50U0-cDGa6SJE')}"
    }
  },
  {
    "model": "newsletter.historynewsletter",
    "pk": 11,
    "fields": {
      "newsletter": 4,
      "date_time": "2024-08-06T19:41:34.552Z",
      "status": "Не отправлена",
      "response": "{'asdqeqwe': (501, b'5.1.3 Bad recipient address syntax 1722973294-YfiYix0b48c0-uwASgZRV')}"
    }
  },
  {
    "model": "newsletter.historynewsletter",
    "pk": 12,
    "fields": {
      "newsletter": 5,
      "date_time": "2024-08-06T19:41:34.941Z",
      "status": "Не отправлена",
      "response": "{'asdqeqwe': (501, b'5.1.3 Bad recipient address syntax 1722973294-YfivAgeg1W20-cjnhmB24')}"
    }
  },
  {
    "model": "newsletter.historynewsletter",
    "pk": 13,
    "fields": {
      "newsletter": 6,
      "date_time": "2024-08-07T08:38:04.866Z",
      "status": "Отправлена",
      "response": "1"
    }
  },
  {
    "model": "newsletter.historynewsletter",
    "pk": 14,
    "fields": {
      "newsletter": 4,
      "date_time": "2024-08-07T08:38:05.634Z",
      "status": "Отправлена",
      "response": "1"
    }
  },
  {
    "model": "newsletter.historynewsletter",
    "pk": 15,
    "fields": {
      "newsletter": 5,
      "date_time": "2024-08-07T08:38:06.724Z",
      "status": "Отправлена",
      "response": "1"
    }
  },
  {
    "model": "newsletter.historynewsletter",
    "pk": 16,
    "fields": {
      "newsletter": 6,
      "date_time": "2024-08-07T08:38:14.857Z",
      "status": "Отправлена",
      "response": "1"
    }
  },
  {
    "model": "newsletter.historynewsletter",
    "pk": 17,
    "fields": {
      "newsletter": 4,
      "date_time": "2024-08-07T08:38:15.721Z",
      "status": "Отправлена",
      "response": "1"
    }
  },
  {
    "model": "newsletter.historynewsletter",
    "pk": 18,
    "fields": {
      "newsletter": 5,
      "date_time": "2024-08-07T08:38:16.691Z",
      "status": "Отправлена",
      "response": "1"
    }
  },
  {
    "model": "newsletter.historynewsletter",
    "pk": 19,
    "fields": {
      "newsletter": 5,
      "date_time": "2024-08-07T08:40:57.631Z",
      "status": "Отправлена",
      "response": "1"
    }
  },
  {
    "model": "newsletter.historynewsletter",
    "pk": 20,
    "fields": {
      "newsletter": 4,
      "date_time": "2024-08-07T08:40:58.244Z",
      "status": "Отправлена",
      "response": "1"
    }
  },
  {
    "model": "newsletter.historynewsletter",
    "pk": 21,
    "fields": {
      "newsletter": 6,
      "date_time": "2024-08-07T08:40:58.868Z",
      "status": "Отправлена",
      "response": "1"
    }
  },
  {
    "model": "newsletter.historynewsletter",
    "pk": 22,
    "fields": {
      "newsletter": 5,
      "date_time": "2024-08-07T08:41:07.441Z",
      "status": "Отправлена",
      "response": "1"
    }
  },
  {
    "model": "newsletter.historynewsletter",
    "pk": 23,
    "fields": {
      "newsletter": 4,
      "date_time": "2024-08-07T08:41:08.424Z",
      "status": "Отправлена",
      "response": "1"
    }
  },
  {
    "model": "newsletter.historynewsletter",
    "pk": 24,
    "fields": {
      "newsletter": 6,
      "date_time": "2024-08-07T08:41:09.087Z",
      "status": "Отправлена",
      "response": "1"
    }
  },
  {
    "model": "newsletter.historynewsletter",
    "pk": 25,
    "fields": {
      "newsletter": 5,
      "date_time": "2024-08-07T08:41:18.364Z",
      "status": "Отправлена",
      "response": "1"
    }
  },
  {
    "model": "newsletter.historynewsletter",
    "pk": 26,
    "fields": {
      "newsletter": 4,
      "date_time": "2024-08-07T08:41:19.399Z",
      "status": "Отправлена",
      "response": "1"
    }
  },
  {
    "model": "newsletter.historynewsletter",
    "pk": 27,
    "fields": {
      "newsletter": 6,
      "date_time": "2024-08-07T08:41:20.225Z",
      "status": "Отправлена",
      "response": "1"
    }
  },
  {
    "model": "newsletter.historynewsletter",
    "pk": 28,
    "fields": {
      "newsletter": 5,
      "date_time": "2024-08-07T08:41:27.453Z",
      "status": "Отправлена",
      "response": "1"
    }
  },
  {
    "model": "newsletter.historynewsletter",
    "pk": 29,
    "fields": {
      "newsletter": 4,
      "date_time": "2024-08-07T08:41:28.187Z",
      "status": "Отправлена",
      "response": "1"
    }
  },
  {
    "model": "newsletter.historynewsletter",
    "pk": 30,
    "fields": {
      "newsletter": 6,
      "date_time": "2024-08-07T08:41:29.012Z",
      "status": "Отправлена",
      "response": "1"
    }
  },
  {
    "model": "newsletter.historynewsletter",
    "pk": 31,
    "fields": {
      "newsletter": 5,
      "date_time": "2024-08-07T08:41:37.512Z",
      "status": "Отправлена",
      "response": "1"
    }
  },
  {
    "model": "newsletter.historynewsletter",
    "pk": 32,
    "fields": {
      "newsletter": 4,
      "date_time": "2024-08-07T08:41:38.173Z",
      "status": "Отправлена",
      "response": "1"
    }
  },
  {
    "model": "newsletter.historynewsletter",
    "pk": 33,
    "fields": {
      "newsletter": 6,
      "date_time": "2024-08-07T08:41:38.918Z",
      "status": "Отправлена",
      "response": "1"
    }
  },
  {
    "model": "newsletter.historynewsletter",
    "pk": 34,
    "fields": {
      "newsletter": 5,
      "date_time": "2024-08-07T08:41:47.437Z",
      "status": "Отправлена",
      "response": "1"
    }
  },
  {
    "model": "newsletter.historynewsletter",
    "pk": 35,
    "fields": {
      "newsletter": 4,
      "date_time": "2024-08-07T08:41:48.182Z",
      "status": "Отправлена",
      "response": "1"
    }
  },
  {
    "model": "newsletter.historynewsletter",
    "pk": 36,
    "fields": {
      "newsletter": 6,
      "date_time": "2024-08-07T08:41:48.861Z",
      "status": "Отправлена",
      "response": "1"
    }
  },
  {
    "model": "newsletter.historynewsletter",
    "pk": 37,
    "fields": {
      "newsletter": 5,
      "date_time": "2024-08-07T08:41:57.541Z",
      "status": "Отправлена",
      "response": "1"
    }
  },
  {
    "model": "newsletter.historynewsletter",
    "pk": 38,
    "fields": {
      "newsletter": 4,
      "date_time": "2024-08-07T08:41:58.278Z",
      "status": "Отправлена",
      "response": "1"
    }
  },
  {
    "model": "newsletter.historynewsletter",
    "pk": 39,
    "fields": {
      "newsletter": 6,
      "date_time": "2024-08-07T08:41:59.025Z",
      "status": "Отправлена",
      "response": "1"
    }
  },
  {
    "model": "newsletter.historynewsletter",
    "pk": 40,
    "fields": {
      "newsletter": 5,
      "date_time": "2024-08-07T08:42:07.513Z",
      "status": "Отправлена",
      "response": "1"
    }
  },
  {
    "model": "newsletter.historynewsletter",
    "pk": 41,
    "fields": {
      "newsletter": 4,
      "date_time": "2024-08-07T08:42:08.278Z",
      "status": "Отправлена",
      "response": "1"
    }
  },
  {
    "model": "newsletter.historynewsletter",
    "pk": 42,
    "fields": {
      "newsletter": 6,
      "date_time": "2024-08-07T08:42:08.940Z",
      "status": "Отправлена",
      "response": "1"
    }
  },
  {
    "model": "newsletter.historynewsletter",
    "pk": 43,
    "fields": {
      "newsletter": 5,
      "date_time": "2024-08-07T08:42:17.523Z",
      "status": "Отправлена",
      "response": "1"
    }
  },
  {
    "model": "newsletter.historynewsletter",
    "pk": 44,
    "fields": {
      "newsletter": 4,
      "date_time": "2024-08-07T08:42:18.117Z",
      "status": "Отправлена",
      "response": "1"
    }
  },
  {
    "model": "newsletter.historynewsletter",
    "pk": 45,
    "fields": {
      "newsletter": 6,
      "date_time": "2024-08-07T08:42:18.891Z",
      "status": "Отправлена",
      "response": "1"
    }
  },
  {
    "model": "newsletter.historynewsletter",
    "pk": 46,
    "fields": {
      "newsletter": 5,
      "date_time": "2024-08-07T08:42:27.546Z",
      "status": "Отправлена",
      "response": "1"
    }
  },
  {
    "model": "newsletter.historynewsletter",
    "pk": 47,
    "fields": {
      "newsletter": 4,
      "date_time": "2024-08-07T08:42:28.220Z",
      "status": "Отправлена",
      "response": "1"
    }
  },
  {
    "model": "newsletter.historynewsletter",
    "pk": 48,
    "fields": {
      "newsletter": 6,
      "date_time": "2024-08-07T08:42:28.941Z",
      "status": "Отправлена",
      "response": "1"
    }
  },
  {
    "model": "newsletter.historynewsletter",
    "pk": 49,
    "fields": {
      "newsletter": 5,
      "date_time": "2024-08-07T08:42:37.683Z",
      "status": "Отправлена",
      "response": "1"
    }
  },
  {
    "model": "newsletter.historynewsletter",
    "pk": 50,
    "fields": {
      "newsletter": 4,
      "date_time": "2024-08-07T08:42:38.427Z",
      "status": "Отправлена",
      "response": "1"
    }
  },
  {
    "model": "newsletter.historynewsletter",
    "pk": 51,
    "fields": {
      "newsletter": 6,
      "date_time": "2024-08-07T08:42:39.059Z",
      "status": "Отправлена",
      "response": "1"
    }
  },
  {
    "model": "newsletter.historynewsletter",
    "pk": 52,
    "fields": {
      "newsletter": 5,
      "date_time": "2024-08-07T08:42:47.490Z",
      "status": "Отправлена",
      "response": "1"
    }
  },
  {
    "model": "newsletter.historynewsletter",
    "pk": 53,
    "fields": {
      "newsletter": 4,
      "date_time": "2024-08-07T08:42:48.150Z",
      "status": "Отправлена",
      "response": "1"
    }
  },
  {
    "model": "newsletter.historynewsletter",
    "pk": 54,
    "fields": {
      "newsletter": 6,
      "date_time": "2024-08-07T08:42:48.822Z",
      "status": "Отправлена",
      "response": "1"
    }
  },
  {
    "model": "newsletter.historynewsletter",
    "pk": 55,
    "fields": {
      "newsletter": 5,
      "date_time": "2024-08-07T08:42:57.624Z",
      "status": "Отправлена",
      "response": "1"
    }
  },
  {
    "model": "newsletter.historynewsletter",
    "pk": 56,
    "fields": {
      "newsletter": 4,
      "date_time": "2024-08-07T08:42:58.586Z",
      "status": "Отправлена",
      "response": "1"
    }
  },
  {
    "model": "newsletter.historynewsletter",
    "pk": 57,
    "fields": {
      "newsletter": 6,
      "date_time": "2024-08-07T08:42:59.282Z",
      "status": "Отправлена",
      "response": "1"
    }
  },
  {
    "model": "newsletter.historynewsletter",
    "pk": 58,
    "fields": {
      "newsletter": 5,
      "date_time": "2024-08-07T08:43:07.484Z",
      "status": "Отправлена",
      "response": "1"
    }
  },
  {
    "model": "newsletter.historynewsletter",
    "pk": 59,
    "fields": {
      "newsletter": 4,
      "date_time": "2024-08-07T08:43:08.187Z",
      "status": "Отправлена",
      "response": "1"
    }
  },
  {
    "model": "newsletter.historynewsletter",
    "pk": 60,
    "fields": {
      "newsletter": 6,
      "date_time": "2024-08-07T08:43:08.920Z",
      "status": "Отправлена",
      "response": "1"
    }
  },
  {
    "model": "newsletter.historynewsletter",
    "pk": 61,
    "fields": {
      "newsletter": 5,
      "date_time": "2024-08-07T08:43:17.615Z",
      "status": "Отправлена",
      "response": "1"
    }
  },
  {
    "model": "newsletter.historynewsletter",
    "pk": 62,
    "fields": {
      "newsletter": 4,
      "date_time": "2024-08-07T08:43:18.330Z",
      "status": "Отправлена",
      "response": "1"
    }
  },
  {
    "model": "newsletter.historynewsletter",
    "pk": 63,
    "fields": {
      "newsletter": 6,
      "date_time": "2024-08-07T08:43:19.031Z",
      "status": "Отправлена",
      "response": "1"
    }
  },
  {
    "model": "newsletter.historynewsletter",
    "pk": 64,
    "fields": {
      "newsletter": 5,
      "date_time": "2024-08-07T08:43:27.638Z",
      "status": "Отправлена",
      "response": "1"
    }
  },
  {
    "model": "newsletter.historynewsletter",
    "pk": 65,
    "fields": {
      "newsletter": 4,
      "date_time": "2024-08-07T08:43:28.438Z",
      "status": "Отправлена",
      "response": "1"
    }
  },
  {
    "model": "newsletter.historynewsletter",
    "pk": 66,
    "fields": {
      "newsletter": 6,
      "date_time": "2024-08-07T08:43:29.113Z",
      "status": "Отправлена",
      "response": "1"
    }
  },
  {
    "model": "newsletter.historynewsletter",
    "pk": 67,
    "fields": {
      "newsletter": 5,
      "date_time": "2024-08-07T08:43:37.760Z",
      "status": "Отправлена",
      "response": "1"
    }
  },
  {
    "model": "newsletter.historynewsletter",
    "pk": 68,
    "fields": {
      "newsletter": 4,
      "date_time": "2024-08-07T08:43:38.462Z",
      "status": "Отправлена",
      "response": "1"
    }
  },
  {
    "model": "newsletter.historynewsletter",
    "pk": 69,
    "fields": {
      "newsletter": 6,
      "date_time": "2024-08-07T08:43:39.083Z",
      "status": "Отправлена",
      "response": "1"
    }
  },
  {
    "model": "newsletter.historynewsletter",
    "pk": 70,
    "fields": {
      "newsletter": 5,
      "date_time": "2024-08-07T08:43:47.611Z",
      "status": "Отправлена",
      "response": "1"
    }
  },
  {
    "model": "newsletter.historynewsletter",
    "pk": 71,
    "fields": {
      "newsletter": 4,
      "date_time": "2024-08-07T08:43:48.339Z",
      "status": "Отправлена",
      "response": "1"
    }
  },
  {
    "model": "newsletter.historynewsletter",
    "pk": 72,
    "fields": {
      "newsletter": 6,
      "date_time": "2024-08-07T08:43:48.987Z",
      "status": "Отправлена",
      "response": "1"
    }
  },
  {
    "model": "newsletter.historynewsletter",
    "pk": 73,
    "fields": {
      "newsletter": 5,
      "date_time": "2024-08-07T08:43:57.638Z",
      "status": "Отправлена",
      "response": "1"
    }
  },
  {
    "model": "newsletter.historynewsletter",
    "pk": 74,
    "fields": {
      "newsletter": 4,
      "date_time": "2024-08-07T08:43:58.390Z",
      "status": "Отправлена",
      "response": "1"
    }
  },
  {
    "model": "newsletter.historynewsletter",
    "pk": 75,
    "fields": {
      "newsletter": 6,
      "date_time": "2024-08-07T08:43:59.084Z",
      "status": "Отправлена",
      "response": "1"
    }
  },
  {
    "model": "newsletter.historynewsletter",
    "pk": 76,
    "fields": {
      "newsletter": 5,
      "date_time": "2024-08-07T08:44:07.628Z",
      "status": "Отправлена",
      "response": "1"
    }
  },
  {
    "model": "newsletter.historynewsletter",
    "pk": 77,
    "fields": {
      "newsletter": 4,
      "date_time": "2024-08-07T08:44:08.347Z",
      "status": "Отправлена",
      "response": "1"
    }
  },
  {
    "model": "newsletter.historynewsletter",
    "pk": 78,
    "fields": {
      "newsletter": 6,
      "date_time": "2024-08-07T08:44:09.040Z",
      "status": "Отправлена",
      "response": "1"
    }
  },
  {
    "model": "newsletter.historynewsletter",
    "pk": 79,
    "fields": {
      "newsletter": 5,
      "date_time": "2024-08-07T08:44:17.557Z",
      "status": "Отправлена",
      "response": "1"
    }
  },
  {
    "model": "newsletter.historynewsletter",
    "pk": 80,
    "fields": {
      "newsletter": 4,
      "date_time": "2024-08-07T08:44:18.252Z",
      "status": "Отправлена",
      "response": "1"
    }
  },
  {
    "model": "newsletter.historynewsletter",
    "pk": 81,
    "fields": {
      "newsletter": 6,
      "date_time": "2024-08-07T08:44:18.792Z",
      "status": "Отправлена",
      "response": "1"
    }
  },
  {
    "model": "newsletter.historynewsletter",
    "pk": 82,
    "fields": {
      "newsletter": 5,
      "date_time": "2024-08-07T08:44:27.636Z",
      "status": "Отправлена",
      "response": "1"
    }
  },
  {
    "model": "newsletter.historynewsletter",
    "pk": 83,
    "fields": {
      "newsletter": 4,
      "date_time": "2024-08-07T08:44:28.394Z",
      "status": "Отправлена",
      "response": "1"
    }
  },
  {
    "model": "newsletter.historynewsletter",
    "pk": 84,
    "fields": {
      "newsletter": 6,
      "date_time": "2024-08-07T08:44:29.127Z",
      "status": "Отправлена",
      "response": "1"
    }
  },
  {
    "model": "newsletter.historynewsletter",
    "pk": 85,
    "fields": {
      "newsletter": 5,
      "date_time": "2024-08-07T08:44:37.642Z",
      "status": "Отправлена",
      "response": "1"
    }
  },
  {
    "model": "newsletter.historynewsletter",
    "pk": 86,
    "fields": {
      "newsletter": 4,
      "date_time": "2024-08-07T08:44:38.258Z",
      "status": "Отправлена",
      "response": "1"
    }
  },
  {
    "model": "newsletter.historynewsletter",
    "pk": 87,
    "fields": {
      "newsletter": 6,
      "date_time": "2024-08-07T08:44:38.918Z",
      "status": "Отправлена",
      "response": "1"
    }
  },
  {
    "model": "newsletter.historynewsletter",
    "pk": 88,
    "fields": {
      "newsletter": 5,
      "date_time": "2024-08-07T08:44:47.657Z",
      "status": "Отправлена",
      "response": "1"
    }
  },
  {
    "model": "newsletter.historynewsletter",
    "pk": 89,
    "fields": {
      "newsletter": 4,
      "date_time": "2024-08-07T08:44:48.313Z",
      "status": "Отправлена",
      "response": "1"
    }
  },
  {
    "model": "newsletter.historynewsletter",
    "pk": 90,
    "fields": {
      "newsletter": 6,
      "date_time": "2024-08-07T08:44:48.843Z",
      "status": "Отправлена",
      "response": "1"
    }
  },
  {
    "model": "newsletter.historynewsletter",
    "pk": 91,
    "fields": {
      "newsletter": 5,
      "date_time": "2024-08-07T08:44:57.767Z",
      "status": "Отправлена",
      "response": "1"
    }
  },
  {
    "model": "newsletter.historynewsletter",
    "pk": 92,
    "fields": {
      "newsletter": 4,
      "date_time": "2024-08-07T08:44:58.407Z",
      "status": "Отправлена",
      "response": "1"
    }
  },
  {
    "model": "newsletter.historynewsletter",
    "pk": 93,
    "fields": {
      "newsletter": 6,
      "date_time": "2024-08-07T08:44:59.096Z",
      "status": "Отправлена",
      "response": "1"
    }
  },
  {
    "model": "newsletter.historynewsletter",
    "pk": 94,
    "fields": {
      "newsletter": 5,
      "date_time": "2024-08-07T08:45:07.574Z",
      "status": "Отправлена",
      "response": "1"
    }
  },
  {
    "model": "newsletter.historynewsletter",
    "pk": 95,
    "fields": {
      "newsletter": 5,
      "date_time": "2024-08-07T08:45:08.429Z",
      "status": "Отправлена",
      "response": "1"
    }
  },
  {
    "model": "newsletter.historynewsletter",
    "pk": 96,
    "fields": {
      "newsletter": 4,
      "date_time": "2024-08-07T08:45:09.207Z",
      "status": "Отправлена",
      "response": "1"
    }
  },
  {
    "model": "newsletter.historynewsletter",
    "pk": 97,
    "fields": {
      "newsletter": 4,
      "date_time": "2024-08-07T08:45:09.860Z",
      "status": "Отправлена",
      "response": "1"
    }
  },
  {
    "model": "newsletter.historynewsletter",
    "pk": 98,
    "fields": {
      "newsletter": 6,
      "date_time": "2024-08-07T08:45:10.530Z",
      "status": "Отправлена",
      "response": "1"
    }
  },
  {
    "model": "newsletter.historynewsletter",
    "pk": 99,
    "fields": {
      "newsletter": 6,
      "date_time": "2024-08-07T08:45:11.250Z",
      "status": "Отправлена",
      "response": "1"
    }
  },
  {
    "model": "newsletter.historynewsletter",
    "pk": 100,
    "fields": {
      "newsletter": 5,
      "date_time": "2024-08-07T08:45:17.760Z",
      "status": "Отправлена",
      "response": "1"
    }
  },
  {
    "model": "newsletter.historynewsletter",
    "pk": 101,
    "fields": {
      "newsletter": 4,
      "date_time": "2024-08-07T08:45:18.284Z",
      "status": "Отправлена",
      "response": "1"
    }
  },
  {
    "model": "newsletter.historynewsletter",
    "pk": 102,
    "fields": {
      "newsletter": 6,
      "date_time": "2024-08-07T08:45:18.881Z",
      "status": "Отправлена",
      "response": "1"
    }
  },
  {
    "model": "newsletter.historynewsletter",
    "pk": 103,
    "fields": {
      "newsletter": 5,
      "date_time": "2024-08-07T08:45:27.737Z",
      "status": "Отправлена",
      "response": "1"
    }
  },
  {
    "model": "newsletter.historynewsletter",
    "pk": 104,
    "fields": {
      "newsletter": 4,
      "date_time": "2024-08-07T08:45:28.493Z",
      "status": "Отправлена",
      "response": "1"
    }
  },
  {
    "model": "newsletter.historynewsletter",
    "pk": 105,
    "fields": {
      "newsletter": 6,
      "date_time": "2024-08-07T08:45:29.175Z",
      "status": "Отправлена",
      "response": "1"
    }
  },
  {
    "model": "users.user",
    "pk": 1,
    "fields": {
      "last_login": "2024-08-07T11:23:48.837Z",
      "is_superuser": true,
      "first_name": "Admin",
      "last_name": "Admin",
      "is_staff": true,
      "is_active": true,
      "date_joined": "2024-08-01T07:25:36.147Z",
      "email": "admin@admin.com",
      "password": "pbkdf2_sha256$720000$I9JmpuNjSZSzQ9hsbdqByh$wlOdI7xSyfnw5kZHRdCQ1lt4lr+/jTwFimdu2c6MlqY=",
      "avatar": "users/1670577839_24-kartinkin-net-p-neitralnie-kartinki-vkontakte-25.jpg",
      "token": null,
      "groups": [],
      "user_permissions": []
    }
  },
  {
    "model": "users.user",
    "pk": 3,
    "fields": {
      "last_login": "2024-08-07T11:05:46.243Z",
      "is_superuser": false,
      "first_name": "Aigul",
      "last_name": "Amineva",
      "is_staff": true,
      "is_active": true,
      "date_joined": "2024-08-01T08:07:10Z",
      "email": "aigulamineva98@gmail.com",
      "password": "pbkdf2_sha256$720000$uEda89VenptRXAjbZ2QKXI$gsuhFC6ht+vvkKABWADdsZJml068syptNv7ykdAjtTk=",
      "avatar": "users/1646125890_10-kartinkin-net-p-kartinki-na-avu-dlya-devushek-narisovannie-12.jpg",
      "token": null,
      "groups": [
        1
      ],
      "user_permissions": []
    }
  },
  {
    "model": "users.user",
    "pk": 8,
    "fields": {
      "last_login": "2024-08-07T11:39:30.227Z",
      "is_superuser": false,
      "first_name": "Leonid",
      "last_name": "Petrov",
      "is_staff": false,
      "is_active": true,
      "date_joined": "2024-08-03T11:10:47Z",
      "email": "leonidpetrov637@gmail.com",
      "password": "pbkdf2_sha256$720000$oYojDOY65cHznG0XkJIui8$qzaWsccmzHQoabIV/y7Y8LxXYZxrD/cwEB3wi90F8g8=",
      "avatar": "users/7181149979b9cc345415d3b6465b192b_MKfeXhs.jpg",
      "token": "2f12278958e7a6975a200d46d0934d07",
      "groups": [
        2
      ],
      "user_permissions": []
    }
  }
]