[
{
    "model": "auth.group",
    "pk": 1,
    "fields": {
        "name": "moderator",
        "permissions": [
            26,
            34,
            46,
            55,
            54,
            62,
            61
        ]
    }
},
{
    "model": "auth.group",
    "pk": 2,
    "fields": {
        "name": "users",
        "permissions": [
            25,
            27,
            28,
            26,
            33,
            35,
            36,
            34,
            45,
            47,
            48,
            46,
            53,
            55,
            56,
            54
        ]
    }
},
{
    "model": "blog.blog",
    "pk": 1,
    "fields": {
        "title": "Почта России",
        "text": "Акционерное общество «Почта России» (АО «Почта России») — российская государственная компания, оператор российской почтовой связи общего пользования.\r\n\r\nЧлен Всемирного почтового союза. Главный офис (штаб-квартира) расположен в Москве. До 1 октября 2019 года являлась федеральным государственным унитарным предприятием. Находится в ведении Минцифры России (до апреля 2013 года находилась в ведении Россвязи).\r\n\r\n28 марта 2013 года вошла в Перечень стратегических предприятий Российской Федерации под номером 558. В 2014 году компания перешла на макрорегиональную структуру — было создано 10 макрорегионов, которые объединили 82 филиала по региональному принципу. В этом же году «Почта России» перестала получать бюджетные субсидииПерейти к разделу «Дотации». В 2015 году «Почта России» вошла в список системообразующих предприятий России. Общая численность сотрудников в 2021 году составляла 313 тыс. человек.",
        "image": "blogs/original-1jah.jpg",
        "views_count": 0,
        "date": "2024-08-01",
        "date_update": "2024-08-02"
    }
},
{
    "model": "blog.blog",
    "pk": 2,
    "fields": {
        "title": "Почта Яндекса",
        "text": "Я́ндекс По́чта — бесплатная служба электронной почты от компании Яндекс. Запущена 26 июня 2000 года. Присутствует автоматическая фильтрация спама при помощи другого продукта компании — «Спамообороны», а также проверка писем на вирусы с помощью антивируса Dr.Web. Система также имеет возможность перевода писем с иностранных языков.",
        "image": "blogs/3427dfc17422225823f2ffef42a82506.jpg",
        "views_count": 0,
        "date": "2024-08-01",
        "date_update": "2024-08-01"
    }
},
{
    "model": "blog.blog",
    "pk": 3,
    "fields": {
        "title": "Скорость отправки",
        "text": "SMS (МФА: [ɛsɛmˈɛs], сокращение от англ. Short Message Service — «служба коротких сообщений») — технология приёма и передачи коротких текстовых сообщений с помощью мобильного телефона. Входит в стандарты сотовой связи.",
        "image": "blogs/AQAKE_IgaB_mwUovRk1NA1YRA7az45ZXp7F30T4Etyv95lSWX0jrJ_zCn-UeU6V4zdfqMVoSlp4pJzQNmL_DUxj9uK.jpg",
        "views_count": 0,
        "date": "2024-08-01",
        "date_update": "2024-08-01"
    }
},
{
    "model": "blog.blog",
    "pk": 4,
    "fields": {
        "title": "Спам",
        "text": "Спам (англ. spam) — массовая рассылка корреспонденции лицам, не выражавшим желания её получить. Распространителей спама называют спáмерами.\r\n\r\nВ общепринятом значении термин «спам» в русском языке впервые стал употребляться применительно к рассылке электронных писем. Незапрошенные сообщения в системах мгновенного обмена сообщениями (например, ICQ) носят название Messaging SPIM (англ. Spam over IM).\r\n\r\nДоля спама в мировом почтовом трафике составляет от 60 % (2006) до 80 % (2011).",
        "image": "blogs/spam_mails.jpg",
        "views_count": 0,
        "date": "2024-08-01",
        "date_update": "2024-08-01"
    }
},
{
    "model": "newsletter.message",
    "pk": 4,
    "fields": {
        "subject": "message_1",
        "body": "test",
        "author": 8
    }
},
{
    "model": "newsletter.message",
    "pk": 5,
    "fields": {
        "subject": "message_2",
        "body": "test",
        "author": 8
    }
},
{
    "model": "newsletter.message",
    "pk": 6,
    "fields": {
        "subject": "message_3",
        "body": "test",
        "author": 8
    }
},
{
    "model": "newsletter.client",
    "pk": 4,
    "fields": {
        "email": "user_1@test.com",
        "phone": "+79654658552",
        "full_name": "Petrov Leonid Pavlovich",
        "comment": "test",
        "author": 8
    }
},
{
    "model": "newsletter.client",
    "pk": 5,
    "fields": {
        "email": "user_2@test.com",
        "phone": "+79174178125",
        "full_name": "Sidorov Oleg Viktorovich",
        "comment": "test",
        "author": 8
    }
},
{
    "model": "newsletter.client",
    "pk": 6,
    "fields": {
        "email": "user_3@test.com",
        "phone": "+79393094217",
        "full_name": "Ivanov Viktor Ivanovich",
        "comment": "test",
        "author": 8
    }
},
{
    "model": "newsletter.newsletter",
    "pk": 4,
    "fields": {
        "name": "Уведомления",
        "message": 4,
        "author": 8,
        "date_time": "2024-08-03T11:21:14Z",
        "date_start": "2024-08-08T08:45:00Z",
        "periodicity": "OD",
        "status": "LA",
        "clients": [
            4
        ]
    }
},
{
    "model": "newsletter.newsletter",
    "pk": 5,
    "fields": {
        "name": "Срочное",
        "message": 5,
        "author": 8,
        "date_time": "2024-08-03T11:21:57Z",
        "date_start": "2024-09-07T08:45:00Z",
        "periodicity": "OM",
        "status": "LA",
        "clients": [
            4,
            5,
            6
        ]
    }
},
{
    "model": "newsletter.newsletter",
    "pk": 6,
    "fields": {
        "name": "Почта",
        "message": 6,
        "author": 8,
        "date_time": "2024-08-03T11:22:27Z",
        "date_start": "2024-08-14T08:45:00Z",
        "periodicity": "OW",
        "status": "LA",
        "clients": [
            6
        ]
    }
},
{
    "model": "newsletter.historynewsletter",
    "pk": 7,
    "fields": {
        "newsletter": 5,
        "date_time": "2024-08-06T18:39:14.698Z",
        "status": "Отправлена",
        "response": "1"
    }
},
{
    "model": "newsletter.historynewsletter",
    "pk": 8,
    "fields": {
        "newsletter": 6,
        "date_time": "2024-08-06T18:39:15.636Z",
        "status": "Отправлена",
        "response": "1"
    }
},
{
    "model": "newsletter.historynewsletter",
    "pk": 9,
    "fields": {
        "newsletter": 4,
        "date_time": "2024-08-06T18:39:16.362Z",
        "status": "Отправлена",
        "response": "1"
    }
},
{
    "model": "newsletter.historynewsletter",
    "pk": 10,
    "fields": {
        "newsletter": 6,
        "date_time": "2024-08-06T19:41:34.118Z",
        "status": "Не отправлена",
        "response": "{'asdqeqwe': (501, b'5.1.3 Bad recipient address syntax 1722973294-XfibMH5k50U0-cDGa6SJE')}"
    }
},
{
    "model": "newsletter.historynewsletter",
    "pk": 11,
    "fields": {
        "newsletter": 4,
        "date_time": "2024-08-06T19:41:34.552Z",
        "status": "Не отправлена",
        "response": "{'asdqeqwe': (501, b'5.1.3 Bad recipient address syntax 1722973294-YfiYix0b48c0-uwASgZRV')}"
    }
},
{
    "model": "newsletter.historynewsletter",
    "pk": 12,
    "fields": {
        "newsletter": 5,
        "date_time": "2024-08-06T19:41:34.941Z",
        "status": "Не отправлена",
        "response": "{'asdqeqwe': (501, b'5.1.3 Bad recipient address syntax 1722973294-YfivAgeg1W20-cjnhmB24')}"
    }
},
{
    "model": "newsletter.historynewsletter",
    "pk": 13,
    "fields": {
        "newsletter": 6,
        "date_time": "2024-08-07T08:38:04.866Z",
        "status": "Отправлена",
        "response": "1"
    }
},
{
    "model": "newsletter.historynewsletter",
    "pk": 14,
    "fields": {
        "newsletter": 4,
        "date_time": "2024-08-07T08:38:05.634Z",
        "status": "Отправлена",
        "response": "1"
    }
},
{
    "model": "newsletter.historynewsletter",
    "pk": 15,
    "fields": {
        "newsletter": 5,
        "date_time": "2024-08-07T08:38:06.724Z",
        "status": "Отправлена",
        "response": "1"
    }
},
{
    "model": "newsletter.historynewsletter",
    "pk": 16,
    "fields": {
        "newsletter": 6,
        "date_time": "2024-08-07T08:38:14.857Z",
        "status": "Отправлена",
        "response": "1"
    }
},
{
    "model": "newsletter.historynewsletter",
    "pk": 17,
    "fields": {
        "newsletter": 4,
        "date_time": "2024-08-07T08:38:15.721Z",
        "status": "Отправлена",
        "response": "1"
    }
},
{
    "model": "newsletter.historynewsletter",
    "pk": 18,
    "fields": {
        "newsletter": 5,
        "date_time": "2024-08-07T08:38:16.691Z",
        "status": "Отправлена",
        "response": "1"
    }
},
{
    "model": "newsletter.historynewsletter",
    "pk": 19,
    "fields": {
        "newsletter": 5,
        "date_time": "2024-08-07T08:40:57.631Z",
        "status": "Отправлена",
        "response": "1"
    }
},
{
    "model": "newsletter.historynewsletter",
    "pk": 20,
    "fields": {
        "newsletter": 4,
        "date_time": "2024-08-07T08:40:58.244Z",
        "status": "Отправлена",
        "response": "1"
    }
},
{
    "model": "newsletter.historynewsletter",
    "pk": 21,
    "fields": {
        "newsletter": 6,
        "date_time": "2024-08-07T08:40:58.868Z",
        "status": "Отправлена",
        "response": "1"
    }
},
{
    "model": "newsletter.historynewsletter",
    "pk": 22,
    "fields": {
        "newsletter": 5,
        "date_time": "2024-08-07T08:41:07.441Z",
        "status": "Отправлена",
        "response": "1"
    }
},
{
    "model": "newsletter.historynewsletter",
    "pk": 23,
    "fields": {
        "newsletter": 4,
        "date_time": "2024-08-07T08:41:08.424Z",
        "status": "Отправлена",
        "response": "1"
    }
},
{
    "model": "newsletter.historynewsletter",
    "pk": 24,
    "fields": {
        "newsletter": 6,
        "date_time": "2024-08-07T08:41:09.087Z",
        "status": "Отправлена",
        "response": "1"
    }
},
{
    "model": "newsletter.historynewsletter",
    "pk": 25,
    "fields": {
        "newsletter": 5,
        "date_time": "2024-08-07T08:41:18.364Z",
        "status": "Отправлена",
        "response": "1"
    }
},
{
    "model": "newsletter.historynewsletter",
    "pk": 26,
    "fields": {
        "newsletter": 4,
        "date_time": "2024-08-07T08:41:19.399Z",
        "status": "Отправлена",
        "response": "1"
    }
},
{
    "model": "newsletter.historynewsletter",
    "pk": 27,
    "fields": {
        "newsletter": 6,
        "date_time": "2024-08-07T08:41:20.225Z",
        "status": "Отправлена",
        "response": "1"
    }
},
{
    "model": "newsletter.historynewsletter",
    "pk": 28,
    "fields": {
        "newsletter": 5,
        "date_time": "2024-08-07T08:41:27.453Z",
        "status": "Отправлена",
        "response": "1"
    }
},
{
    "model": "newsletter.historynewsletter",
    "pk": 29,
    "fields": {
        "newsletter": 4,
        "date_time": "2024-08-07T08:41:28.187Z",
        "status": "Отправлена",
        "response": "1"
    }
},
{
    "model": "newsletter.historynewsletter",
    "pk": 30,
    "fields": {
        "newsletter": 6,
        "date_time": "2024-08-07T08:41:29.012Z",
        "status": "Отправлена",
        "response": "1"
    }
},
{
    "model": "newsletter.historynewsletter",
    "pk": 31,
    "fields": {
        "newsletter": 5,
        "date_time": "2024-08-07T08:41:37.512Z",
        "status": "Отправлена",
        "response": "1"
    }
},
{
    "model": "newsletter.historynewsletter",
    "pk": 32,
    "fields": {
        "newsletter": 4,
        "date_time": "2024-08-07T08:41:38.173Z",
        "status": "Отправлена",
        "response": "1"
    }
},
{
    "model": "newsletter.historynewsletter",
    "pk": 33,
    "fields": {
        "newsletter": 6,
        "date_time": "2024-08-07T08:41:38.918Z",
        "status": "Отправлена",
        "response": "1"
    }
},
{
    "model": "newsletter.historynewsletter",
    "pk": 34,
    "fields": {
        "newsletter": 5,
        "date_time": "2024-08-07T08:41:47.437Z",
        "status": "Отправлена",
        "response": "1"
    }
},
{
    "model": "newsletter.historynewsletter",
    "pk": 35,
    "fields": {
        "newsletter": 4,
        "date_time": "2024-08-07T08:41:48.182Z",
        "status": "Отправлена",
        "response": "1"
    }
},
{
    "model": "newsletter.historynewsletter",
    "pk": 36,
    "fields": {
        "newsletter": 6,
        "date_time": "2024-08-07T08:41:48.861Z",
        "status": "Отправлена",
        "response": "1"
    }
},
{
    "model": "newsletter.historynewsletter",
    "pk": 37,
    "fields": {
        "newsletter": 5,
        "date_time": "2024-08-07T08:41:57.541Z",
        "status": "Отправлена",
        "response": "1"
    }
},
{
    "model": "newsletter.historynewsletter",
    "pk": 38,
    "fields": {
        "newsletter": 4,
        "date_time": "2024-08-07T08:41:58.278Z",
        "status": "Отправлена",
        "response": "1"
    }
},
{
    "model": "newsletter.historynewsletter",
    "pk": 39,
    "fields": {
        "newsletter": 6,
        "date_time": "2024-08-07T08:41:59.025Z",
        "status": "Отправлена",
        "response": "1"
    }
},
{
    "model": "newsletter.historynewsletter",
    "pk": 40,
    "fields": {
        "newsletter": 5,
        "date_time": "2024-08-07T08:42:07.513Z",
        "status": "Отправлена",
        "response": "1"
    }
},
{
    "model": "newsletter.historynewsletter",
    "pk": 41,
    "fields": {
        "newsletter": 4,
        "date_time": "2024-08-07T08:42:08.278Z",
        "status": "Отправлена",
        "response": "1"
    }
},
{
    "model": "newsletter.historynewsletter",
    "pk": 42,
    "fields": {
        "newsletter": 6,
        "date_time": "2024-08-07T08:42:08.940Z",
        "status": "Отправлена",
        "response": "1"
    }
},
{
    "model": "newsletter.historynewsletter",
    "pk": 43,
    "fields": {
        "newsletter": 5,
        "date_time": "2024-08-07T08:42:17.523Z",
        "status": "Отправлена",
        "response": "1"
    }
},
{
    "model": "newsletter.historynewsletter",
    "pk": 44,
    "fields": {
        "newsletter": 4,
        "date_time": "2024-08-07T08:42:18.117Z",
        "status": "Отправлена",
        "response": "1"
    }
},
{
    "model": "newsletter.historynewsletter",
    "pk": 45,
    "fields": {
        "newsletter": 6,
        "date_time": "2024-08-07T08:42:18.891Z",
        "status": "Отправлена",
        "response": "1"
    }
},
{
    "model": "newsletter.historynewsletter",
    "pk": 46,
    "fields": {
        "newsletter": 5,
        "date_time": "2024-08-07T08:42:27.546Z",
        "status": "Отправлена",
        "response": "1"
    }
},
{
    "model": "newsletter.historynewsletter",
    "pk": 47,
    "fields": {
        "newsletter": 4,
        "date_time": "2024-08-07T08:42:28.220Z",
        "status": "Отправлена",
        "response": "1"
    }
},
{
    "model": "newsletter.historynewsletter",
    "pk": 48,
    "fields": {
        "newsletter": 6,
        "date_time": "2024-08-07T08:42:28.941Z",
        "status": "Отправлена",
        "response": "1"
    }
},
{
    "model": "newsletter.historynewsletter",
    "pk": 49,
    "fields": {
        "newsletter": 5,
        "date_time": "2024-08-07T08:42:37.683Z",
        "status": "Отправлена",
        "response": "1"
    }
},
{
    "model": "newsletter.historynewsletter",
    "pk": 50,
    "fields": {
        "newsletter": 4,
        "date_time": "2024-08-07T08:42:38.427Z",
        "status": "Отправлена",
        "response": "1"
    }
},
{
    "model": "newsletter.historynewsletter",
    "pk": 51,
    "fields": {
        "newsletter": 6,
        "date_time": "2024-08-07T08:42:39.059Z",
        "status": "Отправлена",
        "response": "1"
    }
},
{
    "model": "newsletter.historynewsletter",
    "pk": 52,
    "fields": {
        "newsletter": 5,
        "date_time": "2024-08-07T08:42:47.490Z",
        "status": "Отправлена",
        "response": "1"
    }
},
{
    "model": "newsletter.historynewsletter",
    "pk": 53,
    "fields": {
        "newsletter": 4,
        "date_time": "2024-08-07T08:42:48.150Z",
        "status": "Отправлена",
        "response": "1"
    }
},
{
    "model": "newsletter.historynewsletter",
    "pk": 54,
    "fields": {
        "newsletter": 6,
        "date_time": "2024-08-07T08:42:48.822Z",
        "status": "Отправлена",
        "response": "1"
    }
},
{
    "model": "newsletter.historynewsletter",
    "pk": 55,
    "fields": {
        "newsletter": 5,
        "date_time": "2024-08-07T08:42:57.624Z",
        "status": "Отправлена",
        "response": "1"
    }
},
{
    "model": "newsletter.historynewsletter",
    "pk": 56,
    "fields": {
        "newsletter": 4,
        "date_time": "2024-08-07T08:42:58.586Z",
        "status": "Отправлена",
        "response": "1"
    }
},
{
    "model": "newsletter.historynewsletter",
    "pk": 57,
    "fields": {
        "newsletter": 6,
        "date_time": "2024-08-07T08:42:59.282Z",
        "status": "Отправлена",
        "response": "1"
    }
},
{
    "model": "newsletter.historynewsletter",
    "pk": 58,
    "fields": {
        "newsletter": 5,
        "date_time": "2024-08-07T08:43:07.484Z",
        "status": "Отправлена",
        "response": "1"
    }
},
{
    "model": "newsletter.historynewsletter",
    "pk": 59,
    "fields": {
        "newsletter": 4,
        "date_time": "2024-08-07T08:43:08.187Z",
        "status": "Отправлена",
        "response": "1"
    }
},
{
    "model": "newsletter.historynewsletter",
    "pk": 60,
    "fields": {
        "newsletter": 6,
        "date_time": "2024-08-07T08:43:08.920Z",
        "status": "Отправлена",
        "response": "1"
    }
},
{
    "model": "newsletter.historynewsletter",
    "pk": 61,
    "fields": {
        "newsletter": 5,
        "date_time": "2024-08-07T08:43:17.615Z",
        "status": "Отправлена",
        "response": "1"
    }
},
{
    "model": "newsletter.historynewsletter",
    "pk": 62,
    "fields": {
        "newsletter": 4,
        "date_time": "2024-08-07T08:43:18.330Z",
        "status": "Отправлена",
        "response": "1"
    }
},
{
    "model": "newsletter.historynewsletter",
    "pk": 63,
    "fields": {
        "newsletter": 6,
        "date_time": "2024-08-07T08:43:19.031Z",
        "status": "Отправлена",
        "response": "1"
    }
},
{
    "model": "newsletter.historynewsletter",
    "pk": 64,
    "fields": {
        "newsletter": 5,
        "date_time": "2024-08-07T08:43:27.638Z",
        "status": "Отправлена",
        "response": "1"
    }
},
{
    "model": "newsletter.historynewsletter",
    "pk": 65,
    "fields": {
        "newsletter": 4,
        "date_time": "2024-08-07T08:43:28.438Z",
        "status": "Отправлена",
        "response": "1"
    }
},
{
    "model": "newsletter.historynewsletter",
    "pk": 66,
    "fields": {
        "newsletter": 6,
        "date_time": "2024-08-07T08:43:29.113Z",
        "status": "Отправлена",
        "response": "1"
    }
},
{
    "model": "newsletter.historynewsletter",
    "pk": 67,
    "fields": {
        "newsletter": 5,
        "date_time": "2024-08-07T08:43:37.760Z",
        "status": "Отправлена",
        "response": "1"
    }
},
{
    "model": "newsletter.historynewsletter",
    "pk": 68,
    "fields": {
        "newsletter": 4,
        "date_time": "2024-08-07T08:43:38.462Z",
        "status": "Отправлена",
        "response": "1"
    }
},
{
    "model": "newsletter.historynewsletter",
    "pk": 69,
    "fields": {
        "newsletter": 6,
        "date_time": "2024-08-07T08:43:39.083Z",
        "status": "Отправлена",
        "response": "1"
    }
},
{
    "model": "newsletter.historynewsletter",
    "pk": 70,
    "fields": {
        "newsletter": 5,
        "date_time": "2024-08-07T08:43:47.611Z",
        "status": "Отправлена",
        "response": "1"
    }
},
{
    "model": "newsletter.historynewsletter",
    "pk": 71,
    "fields": {
        "newsletter": 4,
        "date_time": "2024-08-07T08:43:48.339Z",
        "status": "Отправлена",
        "response": "1"
    }
},
{
    "model": "newsletter.historynewsletter",
    "pk": 72,
    "fields": {
        "newsletter": 6,
        "date_time": "2024-08-07T08:43:48.987Z",
        "status": "Отправлена",
        "response": "1"
    }
},
{
    "model": "newsletter.historynewsletter",
    "pk": 73,
    "fields": {
        "newsletter": 5,
        "date_time": "2024-08-07T08:43:57.638Z",
        "status": "Отправлена",
        "response": "1"
    }
},
{
    "model": "newsletter.historynewsletter",
    "pk": 74,
    "fields": {
        "newsletter": 4,
        "date_time": "2024-08-07T08:43:58.390Z",
        "status": "Отправлена",
        "response": "1"
    }
},
{
    "model": "newsletter.historynewsletter",
    "pk": 75,
    "fields": {
        "newsletter": 6,
        "date_time": "2024-08-07T08:43:59.084Z",
        "status": "Отправлена",
        "response": "1"
    }
},
{
    "model": "newsletter.historynewsletter",
    "pk": 76,
    "fields": {
        "newsletter": 5,
        "date_time": "2024-08-07T08:44:07.628Z",
        "status": "Отправлена",
        "response": "1"
    }
},
{
    "model": "newsletter.historynewsletter",
    "pk": 77,
    "fields": {
        "newsletter": 4,
        "date_time": "2024-08-07T08:44:08.347Z",
        "status": "Отправлена",
        "response": "1"
    }
},
{
    "model": "newsletter.historynewsletter",
    "pk": 78,
    "fields": {
        "newsletter": 6,
        "date_time": "2024-08-07T08:44:09.040Z",
        "status": "Отправлена",
        "response": "1"
    }
},
{
    "model": "newsletter.historynewsletter",
    "pk": 79,
    "fields": {
        "newsletter": 5,
        "date_time": "2024-08-07T08:44:17.557Z",
        "status": "Отправлена",
        "response": "1"
    }
},
{
    "model": "newsletter.historynewsletter",
    "pk": 80,
    "fields": {
        "newsletter": 4,
        "date_time": "2024-08-07T08:44:18.252Z",
        "status": "Отправлена",
        "response": "1"
    }
},
{
    "model": "newsletter.historynewsletter",
    "pk": 81,
    "fields": {
        "newsletter": 6,
        "date_time": "2024-08-07T08:44:18.792Z",
        "status": "Отправлена",
        "response": "1"
    }
},
{
    "model": "newsletter.historynewsletter",
    "pk": 82,
    "fields": {
        "newsletter": 5,
        "date_time": "2024-08-07T08:44:27.636Z",
        "status": "Отправлена",
        "response": "1"
    }
},
{
    "model": "newsletter.historynewsletter",
    "pk": 83,
    "fields": {
        "newsletter": 4,
        "date_time": "2024-08-07T08:44:28.394Z",
        "status": "Отправлена",
        "response": "1"
    }
},
{
    "model": "newsletter.historynewsletter",
    "pk": 84,
    "fields": {
        "newsletter": 6,
        "date_time": "2024-08-07T08:44:29.127Z",
        "status": "Отправлена",
        "response": "1"
    }
},
{
    "model": "newsletter.historynewsletter",
    "pk": 85,
    "fields": {
        "newsletter": 5,
        "date_time": "2024-08-07T08:44:37.642Z",
        "status": "Отправлена",
        "response": "1"
    }
},
{
    "model": "newsletter.historynewsletter",
    "pk": 86,
    "fields": {
        "newsletter": 4,
        "date_time": "2024-08-07T08:44:38.258Z",
        "status": "Отправлена",
        "response": "1"
    }
},
{
    "model": "newsletter.historynewsletter",
    "pk": 87,
    "fields": {
        "newsletter": 6,
        "date_time": "2024-08-07T08:44:38.918Z",
        "status": "Отправлена",
        "response": "1"
    }
},
{
    "model": "newsletter.historynewsletter",
    "pk": 88,
    "fields": {
        "newsletter": 5,
        "date_time": "2024-08-07T08:44:47.657Z",
        "status": "Отправлена",
        "response": "1"
    }
},
{
    "model": "newsletter.historynewsletter",
    "pk": 89,
    "fields": {
        "newsletter": 4,
        "date_time": "2024-08-07T08:44:48.313Z",
        "status": "Отправлена",
        "response": "1"
    }
},
{
    "model": "newsletter.historynewsletter",
    "pk": 90,
    "fields": {
        "newsletter": 6,
        "date_time": "2024-08-07T08:44:48.843Z",
        "status": "Отправлена",
        "response": "1"
    }
},
{
    "model": "newsletter.historynewsletter",
    "pk": 91,
    "fields": {
        "newsletter": 5,
        "date_time": "2024-08-07T08:44:57.767Z",
        "status": "Отправлена",
        "response": "1"
    }
},
{
    "model": "newsletter.historynewsletter",
    "pk": 92,
    "fields": {
        "newsletter": 4,
        "date_time": "2024-08-07T08:44:58.407Z",
        "status": "Отправлена",
        "response": "1"
    }
},
{
    "model": "newsletter.historynewsletter",
    "pk": 93,
    "fields": {
        "newsletter": 6,
        "date_time": "2024-08-07T08:44:59.096Z",
        "status": "Отправлена",
        "response": "1"
    }
},
{
    "model": "newsletter.historynewsletter",
    "pk": 94,
    "fields": {
        "newsletter": 5,
        "date_time": "2024-08-07T08:45:07.574Z",
        "status": "Отправлена",
        "response": "1"
    }
},
{
    "model": "newsletter.historynewsletter",
    "pk": 95,
    "fields": {
        "newsletter": 5,
        "date_time": "2024-08-07T08:45:08.429Z",
        "status": "Отправлена",
        "response": "1"
    }
},
{
    "model": "newsletter.historynewsletter",
    "pk": 96,
    "fields": {
        "newsletter": 4,
        "date_time": "2024-08-07T08:45:09.207Z",
        "status": "Отправлена",
        "response": "1"
    }
},
{
    "model": "newsletter.historynewsletter",
    "pk": 97,
    "fields": {
        "newsletter": 4,
        "date_time": "2024-08-07T08:45:09.860Z",
        "status": "Отправлена",
        "response": "1"
    }
},
{
    "model": "newsletter.historynewsletter",
    "pk": 98,
    "fields": {
        "newsletter": 6,
        "date_time": "2024-08-07T08:45:10.530Z",
        "status": "Отправлена",
        "response": "1"
    }
},
{
    "model": "newsletter.historynewsletter",
    "pk": 99,
    "fields": {
        "newsletter": 6,
        "date_time": "2024-08-07T08:45:11.250Z",
        "status": "Отправлена",
        "response": "1"
    }
},
{
    "model": "newsletter.historynewsletter",
    "pk": 100,
    "fields": {
        "newsletter": 5,
        "date_time": "2024-08-07T08:45:17.760Z",
        "status": "Отправлена",
        "response": "1"
    }
},
{
    "model": "newsletter.historynewsletter",
    "pk": 101,
    "fields": {
        "newsletter": 4,
        "date_time": "2024-08-07T08:45:18.284Z",
        "status": "Отправлена",
        "response": "1"
    }
},
{
    "model": "newsletter.historynewsletter",
    "pk": 102,
    "fields": {
        "newsletter": 6,
        "date_time": "2024-08-07T08:45:18.881Z",
        "status": "Отправлена",
        "response": "1"
    }
},
{
    "model": "newsletter.historynewsletter",
    "pk": 103,
    "fields": {
        "newsletter": 5,
        "date_time": "2024-08-07T08:45:27.737Z",
        "status": "Отправлена",
        "response": "1"
    }
},
{
    "model": "newsletter.historynewsletter",
    "pk": 104,
    "fields": {
        "newsletter": 4,
        "date_time": "2024-08-07T08:45:28.493Z",
        "status": "Отправлена",
        "response": "1"
    }
},
{
    "model": "newsletter.historynewsletter",
    "pk": 105,
    "fields": {
        "newsletter": 6,
        "date_time": "2024-08-07T08:45:29.175Z",
        "status": "Отправлена",
        "response": "1"
    }
},
{
    "model": "users.user",
    "pk": 1,
    "fields": {
        "last_login": "2024-08-11T18:38:44.437Z",
        "is_superuser": true,
        "first_name": "Admin",
        "last_name": "Admin",
        "is_staff": true,
        "is_active": true,
        "date_joined": "2024-08-01T07:25:36.147Z",
        "email": "admin@admin.com",
        "password": "pbkdf2_sha256$720000$I9JmpuNjSZSzQ9hsbdqByh$wlOdI7xSyfnw5kZHRdCQ1lt4lr+/jTwFimdu2c6MlqY=",
        "avatar": "users/1670577839_24-kartinkin-net-p-neitralnie-kartinki-vkontakte-25.jpg",
        "token": null,
        "groups": [],
        "user_permissions": []
    }
},
{
    "model": "users.user",
    "pk": 3,
    "fields": {
        "last_login": "2024-08-07T11:05:46.243Z",
        "is_superuser": false,
        "first_name": "Aigul",
        "last_name": "Amineva",
        "is_staff": true,
        "is_active": true,
        "date_joined": "2024-08-01T08:07:10Z",
        "email": "aigulamineva98@gmail.com",
        "password": "pbkdf2_sha256$720000$uEda89VenptRXAjbZ2QKXI$gsuhFC6ht+vvkKABWADdsZJml068syptNv7ykdAjtTk=",
        "avatar": "users/1646125890_10-kartinkin-net-p-kartinki-na-avu-dlya-devushek-narisovannie-12.jpg",
        "token": null,
        "groups": [
            1
        ],
        "user_permissions": []
    }
},
{
    "model": "users.user",
    "pk": 8,
    "fields": {
        "last_login": "2024-08-11T18:38:12.197Z",
        "is_superuser": false,
        "first_name": "Leonid",
        "last_name": "Petrov",
        "is_staff": false,
        "is_active": true,
        "date_joined": "2024-08-03T11:10:47Z",
        "email": "leonidpetrov637@gmail.com",
        "password": "pbkdf2_sha256$720000$oYojDOY65cHznG0XkJIui8$qzaWsccmzHQoabIV/y7Y8LxXYZxrD/cwEB3wi90F8g8=",
        "avatar": "users/7181149979b9cc345415d3b6465b192b_MKfeXhs.jpg",
        "token": "2f12278958e7a6975a200d46d0934d07",
        "groups": [
            2
        ],
        "user_permissions": []
    }
}
]
